Source id,Sentence_en
1,In the <UNK> is <UNK> <UNK> <UNK>
2,"""And I I <UNK> the <UNK> of the <UNK> <UNK> <UNK> <UNK> <UNK> <UNK> <UNK> <UNK> <UNK> <UNK> <UNK> <UNK> <UNK> <UNK> <UNK> <UNK> <UNK>"
3,I will click on the <UNK> <UNK> <UNK> I will click on the <UNK>
4,The <UNK> is the <UNK> <UNK> <UNK> <UNK> <UNK> <UNK> <UNK> <UNK> <UNK> <UNK>
5,"""And the <UNK> of the <UNK> of the <UNK> and the <UNK> of the <UNK> and the <UNK> of the <UNK> of the <UNK>"
6,We will also use the <UNK> <UNK> in the <UNK>
7,Child has love in you all.
8,<UNK> is a <UNK> of the <UNK> of <UNK>
9,"""But ye have <UNK> <UNK> <UNK> and <UNK> and <UNK> <UNK> <UNK> and <UNK> <UNK> <UNK>"
10,<UNK> <UNK> <UNK> <UNK> <UNK> <UNK> <UNK> <UNK> <UNK> <UNK> <UNK> <UNK> <UNK> <UNK> <UNK>
11,Those are <UNK>
12,She <UNK> <UNK>
13,"Next, go back to the the bottom of the the the the the the the the the"
14,Click on the <UNK> and the the the the the the the the
15,Click on the <UNK> <UNK>
16,We get an error message <UNK> <UNK> <UNK>
17,<UNK> is a <UNK> <UNK> <UNK> <UNK> <UNK> <UNK> <UNK> <UNK> <UNK> <UNK> <UNK> <UNK>
18,Those are <UNK>
19,"Apache, MariaDB and PHP obtained through XAMPP"
20,"Here, we can see the <UNK> of our file name"
21,<UNK> <UNK> <UNK>
22,<UNK> One who is the <UNK>
23,In the we can see the in the
24,<UNK> <UNK> <UNK> <UNK> <UNK> <UNK> <UNK> <UNK> <UNK> <UNK> <UNK> <UNK>
25,"""And the <UNK> of the <UNK> <UNK> <UNK> <UNK> <UNK> <UNK> <UNK> <UNK> <UNK> <UNK> <UNK> <UNK> <UNK> <UNK> <UNK> <UNK> <UNK> <UNK> <UNK> <UNK>"
26,You may also <UNK> <UNK> <UNK> <UNK> <UNK> <UNK>
27,<UNK> <UNK> <UNK> <UNK>
28,Boy displays friendship in you.
29,"""And when I say unto the <UNK> of the <UNK> and <UNK> <UNK> <UNK> <UNK> <UNK> <UNK> <UNK> <UNK> <UNK> <UNK> <UNK> <UNK>"
30,"In this tutorial, I will type <UNK> <UNK> <UNK> <UNK>"
31,<UNK> One who is the <UNK>
32,• Keep the right leg away the thread up the the <UNK>
33,I select the <UNK> <UNK> and select the <UNK> and select the <UNK> and select the
34,We will will to the request to the request to <UNK>
35,<UNK> <UNK> <UNK> <UNK> <UNK>
36,"""But now I <UNK> <UNK> <UNK> <UNK> <UNK> <UNK> and <UNK> <UNK> <UNK>"
37,<UNK> <UNK> <UNK> <UNK> <UNK> <UNK> <UNK> <UNK> <UNK> <UNK> <UNK> <UNK>
38,"""And the <UNK> of the <UNK> and <UNK> <UNK> and <UNK> <UNK> <UNK> and <UNK> <UNK> <UNK> <UNK>"
39,<UNK> <UNK> <UNK> <UNK> <UNK> <UNK> <UNK> <UNK>
40,<UNK> One who is the <UNK>
41,<UNK> <UNK> <UNK> <UNK>
42,"""And the <UNK> of the <UNK> <UNK> <UNK> <UNK> <UNK> <UNK> <UNK> <UNK> <UNK> <UNK> <UNK> <UNK> <UNK> <UNK> <UNK> <UNK>"
43,"With this, we come to the end of this tutorial."
44,<UNK> <UNK> the <UNK> and <UNK>
45,And the <UNK> <UNK>
46,<UNK> <UNK> <UNK> <UNK> <UNK> <UNK> <UNK> <UNK> <UNK>
47,<UNK> <UNK> <UNK> <UNK>
48,"Now, let us to the the Koha of the page and the the <UNK>"
49,When I will use the <UNK> <UNK> I will type the <UNK>
50,<UNK> One who is the <UNK> of the <UNK>
51,Welcome to Meet Welcome GIMP.
52,We can see the variable of the <UNK>
53,We will see the <UNK> of the <UNK>
54,In we we we we the output is the request is true.
55,Let us now learn how to add a Accounts. how to add a Accounts.
56,<UNK> <UNK> <UNK> <UNK>
57,We all may fight
58,I I I the <UNK> I will select the <UNK> I will select the <UNK> <UNK>
59,<UNK> the the <UNK> of the <UNK> in the
60,"""And the <UNK> of the <UNK> and <UNK> and <UNK> <UNK> <UNK> and <UNK> <UNK> <UNK> <UNK>"
61,In the sub-field <UNK> <UNK> <UNK>
62,Type <UNK> <UNK>
63,Let us start with the <UNK>
64,We will now the the <UNK> <UNK> the <UNK>
65,<UNK> <UNK> <UNK> <UNK> <UNK> <UNK> <UNK> <UNK> <UNK> <UNK> <UNK>
66,<UNK> One who is the <UNK> of the <UNK> of the <UNK> of the <UNK>
67,"If you do not have good bandwidth, you watch it."
68,<UNK> <UNK> <UNK> <UNK> <UNK> <UNK> <UNK> <UNK> <UNK> <UNK> <UNK>
69,<UNK> <UNK> <UNK> <UNK> <UNK> <UNK> <UNK> and <UNK>
70,<UNK> the <UNK> <UNK> <UNK> <UNK>
71,<UNK> <UNK> <UNK> <UNK> <UNK>
72,<UNK> <UNK> <UNK>
73,<UNK> <UNK> <UNK> <UNK> <UNK>
74,Here is a <UNK>
75,We will see the here.
76,"""And they were <UNK> the <UNK> <UNK> <UNK> <UNK> and <UNK> <UNK> <UNK> <UNK> <UNK> <UNK> <UNK> <UNK> <UNK> <UNK> <UNK>"
77,"So, let us move the to the displayMessage."
78,We can see the the <UNK> of the <UNK>
79,Those <UNK> <UNK>
80,<UNK> you do not <UNK>
81,"""And the <UNK> of <UNK> <UNK> <UNK> <UNK> <UNK> <UNK> <UNK> <UNK> <UNK> <UNK> <UNK> <UNK> <UNK> <UNK> <UNK>"
82,<UNK> the <UNK> <UNK> and <UNK> and <UNK> the <UNK> and <UNK> the <UNK> <UNK> and <UNK>
83,We will learn the the request to the
84,The <UNK> <UNK> <UNK>
85,"""But the <UNK> of the <UNK> of the <UNK> <UNK> <UNK> <UNK> <UNK> <UNK> <UNK>"
86,<UNK> <UNK> <UNK> <UNK> <UNK> <UNK> <UNK> <UNK> <UNK>
87,4. <UNK> <UNK> <UNK> <UNK>
88,I will give the <UNK> <UNK> I will give the <UNK>
89,We will learn the the end of the tutorial.
90,<UNK> One who is the <UNK> of the <UNK>
91,"In this tutorial, we learnt about: <UNK> <UNK> <UNK> <UNK> <UNK> <UNK> <UNK>"
92,"""And the <UNK> of the <UNK> of the <UNK> <UNK> <UNK> <UNK> <UNK> <UNK> <UNK> <UNK> <UNK> <UNK> <UNK> <UNK>"
93,<UNK> <UNK> <UNK> <UNK> <UNK> <UNK> <UNK> <UNK> <UNK> <UNK> <UNK> <UNK> <UNK> <UNK> <UNK>
94,"Now, let us learn how to create a Accounts."
95,<UNK> <UNK> <UNK> <UNK>
96,Scroll down and click on the button.
97,Who are <UNK>
98,She is a <UNK>
99,In the <UNK> <UNK> <UNK> <UNK> <UNK> <UNK> <UNK> <UNK> <UNK> <UNK> <UNK>
100,<UNK> <UNK> <UNK> <UNK> <UNK> <UNK> <UNK> <UNK> <UNK> <UNK> <UNK> <UNK> <UNK>
101,"""And the <UNK> of <UNK> <UNK> <UNK> <UNK> <UNK> <UNK> <UNK> <UNK> <UNK> <UNK> <UNK> <UNK> <UNK> <UNK> <UNK> <UNK> <UNK> <UNK> <UNK> <UNK>"
102,<UNK> we we <UNK> <UNK> <UNK> <UNK> <UNK> <UNK> <UNK>
103,"""And he he had spoken, he went in, and he <UNK>"
104,"""And he he was a certain day, he was <UNK> he was <UNK> the <UNK> and he was <UNK> the <UNK> of the <UNK>"
105,"To do so, login to the the"
106,<UNK> <UNK> <UNK> <UNK> <UNK> <UNK> <UNK>
107,Those are <UNK>
108,<UNK> is is <UNK>
109,<UNK> <UNK> <UNK> <UNK>
110,<UNK> <UNK>
111,Click on the button at the bottom of the
112,<UNK> <UNK> <UNK> <UNK>
113,"""And they came to pass, and took Jesus, and went into the <UNK>"
114,There are many <UNK> in the <UNK>
115,Let us now create a new user as expected. Let us add a new page to <UNK>
116,To we will about the about the Koha installed on the
117,Now type ls space -i space -i space <UNK> press Enter.
118,<UNK> <UNK> <UNK> <UNK> <UNK> and <UNK>
119,We will learn how to use a <UNK> <UNK>
120,"""And the <UNK> of the <UNK> of the <UNK> <UNK> the <UNK> of the <UNK> of the <UNK> and the <UNK> of the <UNK> of the <UNK>"
121,"The example, we have the the <UNK> <UNK> or <UNK> <UNK> <UNK> <UNK> <UNK> <UNK> <UNK>"
122,Now we can see the the the and can see the the
123,<UNK> One who is the <UNK> of the <UNK>
124,<UNK> the <UNK> of the <UNK> <UNK> <UNK>
125,This class class to create a class and <UNK> <UNK>
126,You please sit.
127,<UNK> One who is the <UNK> of the <UNK>
128,We will now create the the the the the <UNK>
129,In the sub-field <UNK> <UNK> <UNK> <UNK> <UNK>
130,We see see the <UNK> <UNK>
131,It is the <UNK> of the <UNK>
132,"""And the <UNK> of the <UNK> <UNK> <UNK> <UNK> <UNK> <UNK> <UNK> <UNK> <UNK> <UNK> <UNK>"
133,<UNK> <UNK> <UNK> <UNK> <UNK> <UNK>
134,<UNK> <UNK> <UNK> <UNK> <UNK> <UNK>
135,Here we have to the <UNK> <UNK> <UNK>
136,<UNK> <UNK> <UNK> <UNK> <UNK> <UNK> <UNK> <UNK>
137,"Here, we can see the <UNK> of the <UNK> <UNK>"
138,<UNK> <UNK> <UNK> <UNK> <UNK>
139,This is a program of the <UNK> of the <UNK> of the <UNK> of the <UNK> <UNK> <UNK> <UNK>
140,We can see that the <UNK> <UNK> the <UNK>
141,We both must think.
142,<UNK> is the <UNK> of the <UNK>
143,And the the and the
144,"""• While exhaling slowly bring the legs stretched the the the the the the the the the the knees"
145,The is is the <UNK> of the <UNK>
146,<UNK> <UNK> <UNK> <UNK>
147,It is a <UNK> <UNK> <UNK> <UNK> <UNK> <UNK> <UNK> <UNK> <UNK>
148,Spoken Tutorial project is funded part of the Talk to the Spoken Tutorial project.
149,More information on this mission is available at the following link.
150,"""And he went to pass, and went to the and and <UNK> and <UNK> and <UNK> and <UNK> and <UNK> and <UNK>"
151,Open your your your Moodle 3.3
152,You may now <UNK> <UNK>
153,"And finally, finish the <UNK>"
154,More information on this mission is available at the following link.
155,"However, you will not avoided, it causes some changes automatically."
156,Type type the command: ls space minus space <UNK> space <UNK> press Enter.
157,We will give the <UNK> for the <UNK>
158,<UNK> <UNK> <UNK> <UNK> <UNK> <UNK> <UNK> <UNK> <UNK> <UNK> <UNK>
159,<UNK> <UNK> <UNK>
160,"""And I am glad <UNK> <UNK> <UNK> <UNK> <UNK> <UNK> <UNK> <UNK> <UNK> <UNK> <UNK> <UNK> <UNK> <UNK> <UNK> <UNK> <UNK> <UNK> <UNK> <UNK> <UNK> <UNK>"
161,<UNK> <UNK> <UNK> <UNK> <UNK> <UNK> <UNK> <UNK> <UNK> <UNK> <UNK> <UNK> <UNK> <UNK> <UNK> <UNK> <UNK> <UNK> <UNK> <UNK>
162,"""And they are not <UNK> <UNK> <UNK> <UNK> <UNK> <UNK> <UNK> <UNK> <UNK> <UNK> <UNK> <UNK> <UNK> <UNK> <UNK> <UNK> <UNK> <UNK> <UNK> <UNK>"
163,I will <UNK>
164,<UNK> <UNK> <UNK> <UNK> <UNK> <UNK> <UNK> <UNK> <UNK> <UNK>
165,We will see the <UNK> <UNK> <UNK> <UNK> <UNK>
166,<UNK> is a <UNK> of the <UNK> of the <UNK>
167,While inhaling slowly the the the the the the the
168,We will see the the <UNK> of the <UNK>
169,"""And he the <UNK> of the <UNK> and <UNK> <UNK> the <UNK> and the <UNK> of the <UNK> and the <UNK> of the <UNK> and the <UNK> of the <UNK>"
170,<UNK> <UNK>
171,"So, I I want to the the and I will type the"
172,<UNK> <UNK> <UNK> <UNK> <UNK> <UNK> <UNK> <UNK> <UNK> <UNK> <UNK> <UNK> <UNK> <UNK> <UNK> <UNK> <UNK> <UNK>
173,"""And Jesus said unto him, saying, My doctrine and said unto him, and said unto him,"
174,"""But the <UNK> of the <UNK> and <UNK> and <UNK> <UNK> <UNK> <UNK> <UNK>"
175,"Now, let us see how to add a Accounts."
176,"Now, click on Save and and Run the button."
177,The new window <UNK> the <UNK>
178,"The default, Standard forum is the the as expected. as expected. as expected."
179,<UNK> <UNK> <UNK>
180,<UNK> will also the <UNK>
181,Welcome to the spoken tutorial on Static Methods.
182,"Next, we will see the output errorMsgs we have successfully the Student register number"
183,This is a <UNK>
184,We will also use the <UNK> of the <UNK> <UNK> <UNK> <UNK> <UNK> <UNK> <UNK> <UNK> <UNK> <UNK>
185,"Now, let us see how to add a user <UNK> how to add a <UNK> <UNK>"
186,<UNK> <UNK> <UNK> <UNK> <UNK> <UNK> <UNK> <UNK> <UNK>
187,<UNK> One who is the <UNK> of the <UNK> <UNK>
188,"So, I want to the image and I the image"
189,<UNK> <UNK> <UNK> <UNK> <UNK> <UNK> <UNK> <UNK> <UNK> <UNK> <UNK> <UNK> <UNK> <UNK> <UNK> <UNK> <UNK>
190,<UNK> the <UNK> <UNK> <UNK> the <UNK> <UNK> <UNK> <UNK> <UNK>
191,"Spoken Tutorial project is funded part of the Talk to the Talk to the Talk to the National Mission on Education through ICT, MHRD, Government of India."
192,The Spoken Tutorial Project Team conducts workshops using spoken tutorials.
193,"""And he the <UNK> of the <UNK> of the <UNK> <UNK> <UNK> <UNK> the <UNK> of the <UNK> and the <UNK> of the <UNK> and the <UNK> of the <UNK>"
194,<UNK> is a <UNK> of the <UNK>
195,<UNK> the <UNK> <UNK> the <UNK> <UNK> the <UNK> <UNK> the <UNK>
196,You all please sit.
197,<UNK> <UNK> <UNK> <UNK>
198,"""And they were <UNK> the <UNK> and <UNK> and <UNK> <UNK>"
199,"So, I I I have the <UNK> I I <UNK> the <UNK> and <UNK> <UNK> <UNK> and <UNK> the <UNK> <UNK> and <UNK> <UNK> <UNK> <UNK> and <UNK> <UNK> <UNK> <UNK>"
200,<UNK> One who is the <UNK>
201,<UNK> <UNK> <UNK> <UNK> <UNK> <UNK>
202,Let us now the the
203,These are <UNK>
204,<UNK> the <UNK> of the <UNK>
205,"""And ye have <UNK> <UNK> <UNK> <UNK> <UNK> <UNK> <UNK> <UNK> <UNK> <UNK> <UNK> <UNK> <UNK> <UNK> <UNK> <UNK> <UNK> <UNK> <UNK> <UNK> <UNK> <UNK> <UNK> <UNK> <UNK> <UNK> <UNK>"
206,The <UNK> is the <UNK> <UNK> is the <UNK> <UNK>
207,"Now, select the the and and select the and select the the"
208,Click click on the button.
209,I will give the <UNK>
210,<UNK> <UNK> <UNK> <UNK> <UNK> <UNK> <UNK> <UNK> <UNK> <UNK> <UNK> <UNK> <UNK> <UNK> <UNK> <UNK> <UNK> <UNK>
211,We will now learn how to add a <UNK> <UNK> and <UNK> <UNK>
212,Select the select select select select select <UNK>
213,We will also use the <UNK> of the <UNK> <UNK> <UNK> <UNK>
214,We <UNK> <UNK> <UNK> <UNK> <UNK> <UNK> <UNK>
215,<UNK> the <UNK> and <UNK>
216,The <UNK> is the <UNK> of the
217,"""And when we <UNK> <UNK> <UNK> <UNK> <UNK> <UNK> <UNK> <UNK> <UNK> <UNK> <UNK> <UNK> <UNK> <UNK> <UNK> <UNK> <UNK> <UNK>"
218,Child has love in you.
219,The <UNK> is the <UNK> of the <UNK>
220,"""But I <UNK> the <UNK> of the <UNK> <UNK> <UNK> <UNK> <UNK> <UNK> <UNK> and <UNK> <UNK> <UNK> <UNK> <UNK> <UNK> <UNK> <UNK> <UNK> <UNK>"
221,"To record this tutorial, I am using Ubuntu Linux Operating"
222,Child has love in you all.
223,I will select the <UNK> <UNK> I will select the <UNK>
224,"""And I say unto him, and <UNK> <UNK> <UNK> <UNK> I <UNK> and <UNK> and <UNK> and <UNK> and <UNK> and <UNK> and <UNK> <UNK> <UNK> <UNK> <UNK> <UNK> <UNK>"
225,<UNK> One who is the <UNK> of <UNK>
226,It is is the <UNK> of the <UNK> is <UNK>
227,<UNK> what is <UNK> <UNK> <UNK> <UNK> <UNK> <UNK> <UNK>
228,<UNK> <UNK> <UNK> <UNK> <UNK> <UNK> <UNK> <UNK> <UNK> <UNK> <UNK> <UNK> <UNK> <UNK>
229,Type the command: ls space minus space minus space <UNK> space <UNK> press Enter.
230,<UNK> <UNK> <UNK> <UNK> <UNK> <UNK> <UNK> <UNK> <UNK> <UNK> <UNK> <UNK> <UNK> <UNK> <UNK> <UNK> <UNK> <UNK> <UNK> <UNK>
231,<UNK> One who is the <UNK> of the <UNK>
232,You all are you <UNK>
233,The <UNK> <UNK> <UNK> <UNK> <UNK> <UNK> <UNK> <UNK> <UNK> <UNK> <UNK> <UNK> <UNK>
234,Those are <UNK>
235,Here is the the of the <UNK> is the
236,"""And Jesus answered and said unto you, that ye <UNK> <UNK> <UNK> and <UNK> <UNK> <UNK> <UNK> <UNK> <UNK> <UNK> <UNK>"
237,<UNK> <UNK> <UNK> <UNK> <UNK> <UNK>
238,<UNK> <UNK> <UNK> <UNK> <UNK> <UNK> <UNK> <UNK> <UNK> <UNK> <UNK> <UNK> <UNK> <UNK> <UNK> <UNK> <UNK> <UNK> <UNK> <UNK> <UNK> <UNK> <UNK>
239,<UNK> <UNK> <UNK> <UNK> <UNK> <UNK> <UNK>
240,<UNK> <UNK> <UNK> <UNK> <UNK> <UNK> <UNK> <UNK> <UNK> <UNK> <UNK>
241,<UNK> the <UNK> <UNK> <UNK> <UNK> <UNK> <UNK> <UNK> <UNK> <UNK> <UNK> <UNK>
242,<UNK> <UNK> <UNK> <UNK> <UNK> <UNK> <UNK> <UNK> <UNK> <UNK> <UNK> <UNK> <UNK> <UNK> <UNK> <UNK> <UNK> <UNK> <UNK> <UNK>
243,<UNK> <UNK> <UNK> <UNK> <UNK>
244,We see that we can see the <UNK> <UNK> <UNK> <UNK> <UNK>
245,<UNK> <UNK> the <UNK> <UNK> the <UNK>
246,<UNK> <UNK> <UNK> <UNK> <UNK> <UNK> <UNK> <UNK> <UNK> <UNK> <UNK> <UNK>
247,<UNK> <UNK> <UNK> <UNK> <UNK> <UNK> <UNK> <UNK> <UNK> <UNK> <UNK> <UNK> <UNK> <UNK> <UNK>
248,In the the <UNK> in the <UNK>
249,The <UNK> <UNK> <UNK> <UNK> <UNK> <UNK> <UNK> <UNK>
250,"""When sir will learn the <UNK> <UNK> <UNK> <UNK>"
251,"""And the <UNK> <UNK> <UNK> <UNK> and <UNK> and <UNK> <UNK> <UNK> <UNK> <UNK> <UNK> <UNK>"
252,These are <UNK>
253,This practice that the is not be able to access frequently
254,"""And the <UNK> of <UNK> <UNK> <UNK> <UNK> <UNK> <UNK> <UNK> <UNK> <UNK> <UNK> <UNK> <UNK> <UNK> <UNK> <UNK> <UNK> <UNK> <UNK> <UNK> <UNK> <UNK> <UNK>"
255,<UNK> <UNK> <UNK> <UNK> <UNK> <UNK>
256,<UNK> <UNK> <UNK>
257,<UNK> One who is the <UNK> of the <UNK>
258,Then click on the Search button at the bottom of the page.
259,<UNK> <UNK> <UNK>
260,<UNK> I have I <UNK> <UNK> I am <UNK> I am not to me to <UNK>
261,A new page opens up.
262,And the <UNK> <UNK> <UNK> <UNK> <UNK> <UNK> <UNK> <UNK> <UNK> <UNK> <UNK>
263,We can also the the of the the the the the the <UNK>
264,Those are <UNK>
265,<UNK> the <UNK> <UNK> <UNK> the <UNK>
266,Type <UNK>
267,<UNK> <UNK> <UNK> <UNK> <UNK> <UNK> <UNK> <UNK> <UNK>
268,<UNK> <UNK> <UNK> <UNK> <UNK> <UNK> <UNK>
269,<UNK> <UNK> <UNK> <UNK> <UNK> <UNK> <UNK>
270,"""And the <UNK> <UNK> <UNK> <UNK> <UNK> <UNK> <UNK> <UNK> <UNK> <UNK> <UNK> <UNK> <UNK> <UNK> <UNK> <UNK> <UNK> <UNK> <UNK> <UNK> <UNK> <UNK> <UNK> <UNK>"
271,"""And when he had said unto him, saying, Master, and said unto him, saying, I came to <UNK>"
272,This is a <UNK>
273,We we will the the the
274,Now we will learn how to <UNK> <UNK> <UNK>
275,<UNK> <UNK> <UNK> <UNK> <UNK> <UNK> <UNK> <UNK> <UNK> <UNK> <UNK> <UNK> <UNK> <UNK> <UNK> <UNK> <UNK> <UNK> <UNK> <UNK> <UNK>
276,This is the <UNK> <UNK>
277,We will now the the <UNK> the the <UNK>
278,"""And the <UNK> of the <UNK> of the <UNK> <UNK> <UNK> <UNK> <UNK> <UNK> <UNK> <UNK> <UNK> <UNK> <UNK> <UNK> <UNK> <UNK> <UNK> <UNK> <UNK> <UNK> <UNK>"
279,There are a <UNK> of the <UNK>
280,<UNK> <UNK> <UNK> <UNK> <UNK> <UNK> <UNK> <UNK> <UNK> <UNK>
281,I think this image is a layer mask and I have the the <UNK> I will select the <UNK>
282,<UNK> the <UNK> not not not <UNK>
283,It is a <UNK> <UNK> <UNK>
284,"To record this tutorial, I am using handles."
285,We can see the the code.
286,"""And the <UNK> <UNK> <UNK> <UNK> <UNK> <UNK> <UNK> <UNK> and <UNK> <UNK> <UNK> <UNK> <UNK> <UNK>"
287,"""And he said unto him, saying, <UNK> <UNK> <UNK> <UNK> <UNK> <UNK> <UNK> <UNK> <UNK> <UNK> <UNK> <UNK> <UNK> <UNK> <UNK> <UNK> <UNK> <UNK> <UNK> <UNK>"
288,<UNK> One who is the <UNK> of the <UNK>
289,"""And they were <UNK> and <UNK> and <UNK> and <UNK> and <UNK> and <UNK> and <UNK> <UNK> and <UNK> <UNK>"
290,"Now, let us run the the and run the and run the"
291,Let us move the to the to the <UNK> and to the <UNK>
292,"""And the <UNK> of the <UNK> <UNK> <UNK> <UNK> <UNK> <UNK> <UNK> <UNK> <UNK> <UNK> <UNK> <UNK> <UNK> <UNK> <UNK>"
293,And the the code in the
294,<UNK> <UNK> <UNK>
295,"""And he was <UNK> and <UNK> and <UNK> and <UNK> <UNK> <UNK> <UNK> <UNK> <UNK> <UNK> <UNK> <UNK>"
296,We will learn about the <UNK> <UNK>
297,<UNK> <UNK> <UNK> <UNK> <UNK> <UNK> <UNK> <UNK>
298,"""And the <UNK> and <UNK> and <UNK> and <UNK> and <UNK> and <UNK> and <UNK> <UNK> <UNK> <UNK>"
299,<UNK> <UNK> <UNK> <UNK> <UNK> <UNK> <UNK> <UNK> <UNK> <UNK> <UNK> <UNK> <UNK> <UNK> <UNK> <UNK> <UNK> <UNK> <UNK> <UNK> <UNK> <UNK>
300,Then the the <UNK> <UNK> the the <UNK>
301,"""And the <UNK> of <UNK> <UNK> <UNK> <UNK> <UNK> <UNK> <UNK> <UNK> <UNK> <UNK> <UNK> <UNK> <UNK> <UNK>"
302,<UNK> the eyeballs smoothly with legs together.
303,"Now, let us try the the <UNK> <UNK> <UNK> <UNK> <UNK> <UNK> <UNK> <UNK> <UNK>"
304,"""And when they had <UNK> the <UNK> and <UNK> and <UNK> and <UNK> <UNK>"
305,Scroll down and click on Save and click on Save
306,Select the <UNK> <UNK> <UNK> <UNK> <UNK> <UNK> <UNK> <UNK> <UNK> <UNK>
307,"""And Jesus answered and said unto him, saying, <UNK> and the <UNK>"
308,<UNK> <UNK> <UNK> <UNK>
309,"""And the <UNK> of the <UNK> of the <UNK> of the <UNK> of the <UNK> of the <UNK> of the <UNK> of the <UNK> of the <UNK> of the <UNK>"
310,"""But I have <UNK> <UNK> <UNK> <UNK> <UNK> <UNK> <UNK> <UNK> <UNK> <UNK> <UNK> <UNK> <UNK> <UNK> <UNK> <UNK> <UNK> <UNK> <UNK> <UNK> <UNK> <UNK> <UNK> <UNK> <UNK>"
311,And and and and
312,<UNK> <UNK> <UNK> <UNK> <UNK> <UNK> <UNK> <UNK> <UNK> <UNK> <UNK> <UNK> <UNK> <UNK> <UNK> <UNK> <UNK> <UNK> <UNK> <UNK> <UNK> <UNK> <UNK> <UNK>
313,Then we will give the <UNK>
314,"Now, let us go to the <UNK> <UNK>"
315,<UNK> are <UNK> <UNK> <UNK>
316,<UNK> <UNK> <UNK> <UNK> <UNK> <UNK> <UNK> <UNK> <UNK> <UNK>
317,Feel the the the the the the the the <UNK>
318,"""And they were <UNK> the <UNK> and <UNK> and <UNK> and <UNK> <UNK> <UNK>"
319,<UNK> the legs stretched the legs together. the <UNK>
320,The <UNK> <UNK> <UNK>
321,"""But my Father hath my my <UNK> my <UNK>"
322,Those are <UNK>
323,<UNK> is a <UNK> <UNK> <UNK> <UNK> <UNK> <UNK> <UNK> <UNK> <UNK>
324,<UNK> we we <UNK> <UNK> <UNK> <UNK> <UNK> <UNK> <UNK> <UNK>
325,Let us now create a <UNK>
326,I will give the <UNK> <UNK>
327,Change the <UNK> <UNK>
328,<UNK> <UNK> <UNK> <UNK> <UNK> <UNK> <UNK> <UNK> <UNK> <UNK> <UNK> <UNK> <UNK> <UNK> <UNK>
329,We will learn about the <UNK> in the <UNK>
330,This is the <UNK> <UNK> <UNK> <UNK>
331,If the <UNK> is the <UNK> is the <UNK> <UNK> is the <UNK> is the <UNK> <UNK> the <UNK>
332,"Now, let us see the <UNK> <UNK>"
333,<UNK> <UNK> <UNK> <UNK>
334,We we declare variable variable variable variable variable variable variable variable name.
335,"Now, I have to the and and I will select the and and I will switch back to it."
336,This is our file name is the <UNK> of the <UNK> <UNK> <UNK> <UNK> <UNK> <UNK> <UNK> <UNK> <UNK> <UNK>
337,<UNK> <UNK> <UNK> <UNK>
338,Now we will the the the the <UNK> <UNK> <UNK> <UNK> <UNK> the <UNK> <UNK>
339,"In the the window, click on the <UNK> and click on the"
340,"""But they were <UNK> the <UNK> of the <UNK> and <UNK> <UNK> <UNK> <UNK> <UNK>"
341,<UNK> One who is the <UNK> of the <UNK>
342,We we can the method of the method of the <UNK>
343,<UNK> <UNK> <UNK> <UNK> <UNK> <UNK>
344,In the we we can the the <UNK> of the <UNK>
345,<UNK> One who is the <UNK> of the <UNK>
346,Krishna <UNK> <UNK>
347,"""And he he had gone to pass, and he had gone to the <UNK>"
348,"""And the <UNK> of the <UNK> <UNK> <UNK> <UNK> <UNK> <UNK> <UNK> <UNK> <UNK> <UNK> <UNK> <UNK> <UNK>"
349,I will type <UNK> <UNK> <UNK> <UNK>
350,<UNK> <UNK> <UNK> <UNK> <UNK> <UNK> <UNK> <UNK> <UNK> <UNK> <UNK> <UNK> <UNK>
351,I will leave the <UNK>
352,We we have created a variable <UNK>
353,The <UNK> <UNK> <UNK> <UNK> <UNK> <UNK> <UNK>
354,Now now the the <UNK>
355,You please sit.
356,Click on the <UNK> <UNK> and click on the <UNK>
357,Click on the icon and drag the the the the the the the
358,When the <UNK> is a <UNK> <UNK> <UNK> <UNK>
359,<UNK> is a <UNK> <UNK> <UNK> <UNK> <UNK> <UNK> <UNK> <UNK> <UNK> <UNK> <UNK> <UNK> <UNK>
360,<UNK> <UNK> <UNK> <UNK>
361,<UNK> is a <UNK> of the <UNK>
362,<UNK> <UNK> <UNK> <UNK> <UNK>
363,Click on the icon and drag it downwards. the the
364,You can do not change the <UNK>
365,<UNK> <UNK> <UNK> <UNK> <UNK> <UNK> <UNK> <UNK> <UNK> <UNK> <UNK> <UNK> <UNK> <UNK> <UNK> <UNK> <UNK> <UNK> <UNK> <UNK> <UNK> <UNK> <UNK> <UNK> <UNK> <UNK> <UNK> <UNK>
366,"""And when I say unto you, That is not in the"
367,Type the <UNK> <UNK> <UNK> <UNK>
368,<UNK> One who is the <UNK> of the <UNK>
369,"""And we are <UNK> <UNK> <UNK> <UNK> <UNK> <UNK> <UNK> <UNK> <UNK> <UNK> <UNK> <UNK> <UNK> <UNK>"
370,"Spoken Tutorial Project is funded by NMEICT, MHRD, Government of India."
371,Now type the command: ls
372,Select the the select 100% in the <UNK>
373,The <UNK> <UNK> the the <UNK> the the <UNK>
374,"""And the <UNK> <UNK> <UNK> <UNK> <UNK> <UNK> <UNK> <UNK> <UNK> <UNK> the <UNK> of the <UNK> <UNK> <UNK> the <UNK> <UNK> <UNK> <UNK> the <UNK> <UNK> <UNK> the <UNK> <UNK> <UNK> the <UNK> <UNK> the <UNK> <UNK>"
375,<UNK> <UNK> <UNK> <UNK> <UNK> <UNK> <UNK> <UNK> <UNK>
376,I I select the layer mask and select the <UNK> and select the <UNK>
377,"Boy displays friendship in you(m,f)."""
378,<UNK> the <UNK> not not <UNK>
379,i. <UNK>
380,<UNK> <UNK> <UNK> <UNK> <UNK> <UNK>
381,<UNK> One who is the <UNK>
382,In the <UNK> <UNK> <UNK>
383,<UNK> is is <UNK> <UNK> <UNK> <UNK>
384,"""But ye have <UNK> <UNK> <UNK> <UNK> <UNK> <UNK> <UNK> <UNK> <UNK> <UNK> <UNK> <UNK> <UNK> <UNK> <UNK> <UNK> <UNK> <UNK> <UNK> <UNK> <UNK> <UNK> <UNK> <UNK> <UNK> <UNK>"
385,We we we we we we we we the output of the
386,This is is the the the is the is not satisfied.
387,<UNK> <UNK>
388,<UNK> <UNK> <UNK> <UNK> <UNK> <UNK> <UNK>
389,<UNK> One who is <UNK> <UNK> <UNK> <UNK>
390,Now I will now the
391,<UNK> <UNK> <UNK> <UNK>
392,"Boy displays regard in you(m,f)."""
393,<UNK> <UNK> the <UNK> of <UNK>
394,We can see that we can static method and static method <UNK>
395,<UNK> <UNK> <UNK> <UNK> <UNK> <UNK> <UNK> <UNK> <UNK> <UNK> <UNK> <UNK> <UNK> <UNK> <UNK> <UNK> <UNK>
396,"Here, we can <UNK> <UNK> <UNK> <UNK> <UNK> <UNK> <UNK>"
397,We will also the <UNK> <UNK> and <UNK> the <UNK> <UNK>
398,"Now we have the main method, and static methods and static methods"
399,"""And the <UNK> of the <UNK> of the <UNK> of the <UNK> of the <UNK> of the <UNK>"
400,"Here, you can see the <UNK> and <UNK> and <UNK> and <UNK>"
401,<UNK> <UNK> <UNK>
402,<UNK> <UNK> <UNK> <UNK> <UNK>
403,In the <UNK> <UNK> <UNK> <UNK> <UNK> <UNK>
404,This is is the <UNK>
405,<UNK> <UNK>
406,The <UNK> <UNK> <UNK>
407,And the is not not <UNK>
408,<UNK> is is <UNK> <UNK> <UNK> <UNK>
409,"""And the <UNK> of <UNK> <UNK> <UNK> <UNK> <UNK> <UNK> <UNK> <UNK> <UNK> <UNK> <UNK> <UNK> <UNK> <UNK> <UNK> <UNK> <UNK> <UNK> <UNK> <UNK> <UNK> <UNK> <UNK> <UNK> <UNK> <UNK> <UNK>"
410,If you do not change the you can download and watch it. Otherwise it is <UNK>
411,In the value of the <UNK> <UNK>
412,This is a <UNK>
413,You all will be <UNK>
414,"""And he taught and and and and and and and <UNK> and <UNK> and <UNK> and <UNK> and <UNK>"
415,"""And the <UNK> of the <UNK> <UNK> <UNK> <UNK> <UNK> <UNK> <UNK> <UNK> <UNK> <UNK>"
416,To the <UNK> <UNK> <UNK> and press Enter.
417,<UNK> we are <UNK> <UNK> <UNK> <UNK> <UNK> <UNK> <UNK> <UNK> <UNK> <UNK> <UNK> <UNK> <UNK> <UNK> <UNK> <UNK> <UNK> <UNK> <UNK> <UNK>
418,Click on the icon icon at the bottom of the the the the the the the the the the the the
419,"""But the <UNK> of the <UNK> of the <UNK> <UNK> <UNK> <UNK> <UNK> <UNK> <UNK> <UNK> <UNK> <UNK> <UNK> <UNK>"
420,"So, we will not equal to the <UNK> <UNK>"
421,Then click on Save button button.
422,<UNK> are the <UNK> of the <UNK>
423,"In this tutorial, we will learn about: Quick Find <UNK> <UNK> <UNK>"
424,Notice that the <UNK> <UNK> <UNK> <UNK>
425,"""And the <UNK> of the <UNK> of the <UNK> <UNK> <UNK> <UNK> <UNK> <UNK> <UNK> <UNK> the <UNK> of the <UNK> and the <UNK> of the <UNK> and the <UNK> of the <UNK>"
426,1. <UNK> One who is <UNK>
427,Our <UNK> is the <UNK> of the <UNK>
428,"""And they were <UNK> the <UNK> of the <UNK> and <UNK> the <UNK> of the <UNK> of the <UNK>"
429,TERMINAL QUESTIONS
430,I will select the <UNK> <UNK>
431,<UNK> <UNK> <UNK> <UNK> <UNK> <UNK>
432,<UNK> <UNK> <UNK> <UNK> <UNK> <UNK> <UNK>
433,"""And when I heard the <UNK> of the <UNK> and <UNK> the <UNK> and the <UNK> and the <UNK> and the the <UNK> and the the <UNK> and the <UNK> and the <UNK> of the and the <UNK> and the"
434,"So, you will be able"
435,Let us now design the <UNK>
436,The Spoken Tutorial Project Team conducts workshops using spoken tutorials Gives certificates to us.
437,To know about the <UNK>
438,<UNK> <UNK> <UNK> <UNK> <UNK> <UNK> <UNK>
439,You can also used to <UNK> <UNK> <UNK> <UNK> <UNK> <UNK> <UNK>
440,<UNK> <UNK> <UNK> <UNK> <UNK>
441,<UNK> <UNK> <UNK>
442,"""But the <UNK> <UNK> <UNK> <UNK> <UNK> <UNK> <UNK> <UNK> <UNK> <UNK> <UNK> <UNK> <UNK> <UNK> <UNK> <UNK> <UNK> <UNK> <UNK> <UNK> <UNK>"
443,"Then the the equal to enter the type ""Tux Typing""."
444,"""And the <UNK> of the <UNK> of the <UNK> <UNK> <UNK> <UNK> <UNK> <UNK> <UNK> <UNK> <UNK> <UNK> <UNK>"
445,<UNK> the <UNK> <UNK> <UNK> and thread the <UNK> <UNK> and <UNK> the <UNK>
446,"""And when he had called Judas also, and <UNK> and <UNK> and <UNK> and <UNK> and <UNK>"
447,<UNK> One who is the <UNK> of the <UNK>
448,"""And they said unto him, saying, <UNK> thou <UNK> <UNK> <UNK> and <UNK> <UNK> <UNK>"
449,<UNK> <UNK> <UNK> <UNK>
450,<UNK> <UNK> <UNK> <UNK> <UNK> <UNK> <UNK> <UNK> <UNK> <UNK> <UNK>
451,"Open the terminal menu, pressing Ctrl, Alt and T keys simultaneously."
452,We both must think.
453,Our poster is our <UNK> in our country.
454,The <UNK> is the <UNK> <UNK> <UNK> <UNK> <UNK>
455,<UNK> One who is the <UNK> of the <UNK>
456,<UNK> the <UNK> <UNK> the <UNK>
457,<UNK> <UNK> <UNK> <UNK> <UNK> <UNK> <UNK> <UNK> <UNK>
458,"""And he said unto him, saying, If not, for the <UNK> <UNK> <UNK> <UNK>"
459,For your <UNK> <UNK> <UNK> <UNK> <UNK>
460,This is a <UNK>
461,<UNK> the <UNK> of the <UNK> of the <UNK>
462,<UNK> <UNK> <UNK> <UNK> <UNK> <UNK> <UNK> <UNK> <UNK> <UNK>
463,The IDE windows and the the XAMPP versions till date. and watch the Moodle site.
464,Type the <UNK> and press Enter.
465,Those are <UNK>
466,<UNK> <UNK> <UNK> <UNK> <UNK> <UNK>
467,Note that our file name is <UNK>
468,"""And I I <UNK> <UNK> <UNK> <UNK> <UNK> <UNK> <UNK> <UNK> <UNK> <UNK> <UNK> <UNK> <UNK> <UNK> <UNK> <UNK> <UNK> <UNK> <UNK> <UNK> <UNK> <UNK> <UNK>"
469,We now now add the <UNK> in the <UNK>
470,"Now, let us see the the <UNK> of the <UNK> <UNK> <UNK> <UNK>"
471,The output is is the output is the <UNK> of the
472,We will learn about <UNK> <UNK> <UNK> <UNK> <UNK>
473,<UNK> I I <UNK> <UNK> <UNK> <UNK> <UNK> <UNK> <UNK>
474,<UNK> the <UNK> <UNK> <UNK> <UNK> <UNK> <UNK> <UNK> <UNK>
475,"""But I I <UNK> the <UNK> of the <UNK> of the <UNK> of the <UNK> of the <UNK> of the <UNK>"
476,Let us now the the <UNK> of the original one.
477,"""And I I <UNK> the <UNK> of the <UNK> <UNK> and <UNK> <UNK> <UNK> <UNK> <UNK> the <UNK> of the <UNK> and the <UNK> of the <UNK>"
478,<UNK> One who is <UNK>
479,In the command: ls space -i space and press Enter.
480,"""And the <UNK> <UNK> <UNK> <UNK> <UNK> <UNK> <UNK> <UNK> <UNK> <UNK> <UNK> <UNK> <UNK> <UNK> <UNK> <UNK> <UNK> <UNK> <UNK> <UNK> <UNK> <UNK> <UNK> <UNK> <UNK> <UNK> <UNK>"
481,I will the the <UNK> <UNK>
482,"""And the <UNK> of the <UNK> <UNK> <UNK> <UNK> <UNK> <UNK> <UNK> <UNK> <UNK> <UNK> <UNK> <UNK> <UNK> <UNK> <UNK> <UNK> <UNK> <UNK> <UNK> <UNK> <UNK> <UNK> <UNK> <UNK>"
483,<UNK> <UNK> <UNK> <UNK> <UNK>
484,"Spoken Tutorial project is funded by NMEICT, MHRD, Government of India."
485,The the <UNK> is the <UNK> <UNK> <UNK> <UNK> <UNK> <UNK> <UNK> <UNK> <UNK> <UNK> <UNK> <UNK> <UNK> <UNK>
486,"""And he was <UNK> and <UNK> <UNK> and <UNK> and <UNK> and <UNK> and <UNK> and <UNK> and <UNK> and <UNK> and <UNK> and <UNK> and <UNK> and <UNK>"
487,<UNK> is a <UNK> of the <UNK> of the <UNK>
488,<UNK> <UNK> <UNK> <UNK> <UNK> <UNK> <UNK>
489,"""And the the <UNK> <UNK> the <UNK> <UNK> and <UNK> <UNK> <UNK> the <UNK> and the <UNK> and the <UNK> and the <UNK> and the <UNK> and the <UNK> and the <UNK> and the <UNK> and the <UNK> and the"
490,"""And when he had <UNK> the <UNK> of the and <UNK> and <UNK> <UNK> <UNK> <UNK> <UNK>"
491,<UNK> One who is the <UNK> of the <UNK> of the <UNK> of the <UNK>
492,i. <UNK>
493,<UNK> is the <UNK> of the <UNK> of the <UNK>
494,<UNK> <UNK> <UNK> <UNK> <UNK> <UNK>
495,<UNK> <UNK> <UNK> <UNK> <UNK> <UNK> <UNK> <UNK> <UNK> <UNK> <UNK> <UNK> <UNK> <UNK> <UNK> <UNK> <UNK> <UNK> <UNK> <UNK> <UNK> <UNK> <UNK> <UNK> <UNK> <UNK> <UNK> <UNK>
496,It is a <UNK> <UNK> <UNK> <UNK> <UNK> <UNK> <UNK>
497,<UNK> <UNK> <UNK> <UNK> <UNK> <UNK>
498,<UNK> <UNK> <UNK> <UNK>
499,<UNK> One who is the <UNK> of the <UNK> <UNK>
500,Boy displays friendship in you.
501,<UNK> <UNK>
502,"We this, we the output is the"
503,"""And he the <UNK> of the <UNK> and <UNK> <UNK> <UNK> <UNK> <UNK> <UNK>"
504,You please sit.
505,"Next, we will the the the the the the the"
506,Move the the the the the the the
507,"In this tutorial, we will learn In this in this in this tutorial."
508,We get a <UNK> <UNK> <UNK> <UNK> <UNK> <UNK> <UNK> <UNK> <UNK> <UNK>
509,<UNK> <UNK> <UNK>
510,<UNK> <UNK> <UNK> <UNK> <UNK> <UNK> <UNK> <UNK>
511,"And the Categories, <UNK> and <UNK>"
512,"""And the <UNK> of the <UNK> and <UNK> <UNK> <UNK>"
513,<UNK> <UNK> <UNK> <UNK> <UNK> <UNK> <UNK> <UNK> <UNK> <UNK> <UNK> <UNK> <UNK> <UNK> <UNK> <UNK> <UNK> <UNK> <UNK> <UNK>
514,"""And the <UNK> <UNK> <UNK> <UNK> <UNK> <UNK> <UNK> <UNK> <UNK> <UNK> <UNK> <UNK> <UNK> <UNK> <UNK> <UNK> <UNK> <UNK> <UNK> <UNK> <UNK> <UNK> <UNK>"
515,<UNK> One who is the <UNK> of the <UNK>
516,The the is the is the the the is the the the is the <UNK> is the <UNK> is the <UNK> and the <UNK>
517,"""And when he had thus spoken, and the <UNK> and the <UNK> and the <UNK> and the <UNK> and the <UNK>"
518,<UNK> <UNK> <UNK> <UNK> <UNK> <UNK>
519,"If you do so, to the the the the the the the <UNK> <UNK>"
520,<UNK> <UNK> <UNK> <UNK> and <UNK> and <UNK>
521,<UNK> <UNK> the <UNK> of the <UNK>
522,<UNK> <UNK> <UNK> <UNK>
523,<UNK> <UNK> <UNK> <UNK> <UNK> <UNK> <UNK> <UNK>
524,We can also use the <UNK> and <UNK>
525,<UNK> <UNK> <UNK> <UNK> <UNK>
526,Select the as <UNK>
527,The knees in the the the the the
528,This is is the <UNK>
529,You both will be <UNK>
530,Those are <UNK>
531,Click click on the button at the bottom right.
532,Select the select select select select <UNK>
533,"For this, we will learn to use the <UNK> method of the <UNK> <UNK> <UNK> <UNK>"
534,<UNK> <UNK> <UNK> <UNK> <UNK> <UNK> <UNK> <UNK> <UNK>
535,Click on the <UNK> <UNK> <UNK> <UNK> <UNK> <UNK> <UNK> <UNK>
536,<UNK> the <UNK> of the <UNK> <UNK> <UNK> <UNK> <UNK> <UNK> <UNK> <UNK> <UNK> <UNK> <UNK> <UNK> <UNK> <UNK> <UNK>
537,"""But I say unto you, That ye <UNK> <UNK> <UNK> <UNK> <UNK> <UNK> <UNK> <UNK> <UNK> <UNK> <UNK> <UNK> <UNK> <UNK> <UNK> <UNK> <UNK> <UNK> <UNK> <UNK> <UNK> <UNK>"
538,We will see the the the
539,Boy displays friendship in them.
540,"""And when I say unto you, That is the <UNK> of the <UNK> of the <UNK>"
541,"""And the <UNK> of the <UNK> of the <UNK> of the <UNK> of the <UNK> of the <UNK> of the <UNK> of the <UNK> of the <UNK>"
542,"<UNK> the the legs together, and the the the the <UNK> the the the <UNK> the <UNK> the <UNK>"
543,We see the the <UNK> we have the the <UNK> <UNK> the <UNK> <UNK> the <UNK> <UNK> <UNK> <UNK>
544,"""And he he was <UNK> and he was <UNK> and <UNK> and <UNK> and <UNK>"
545,"Boy displays friendship in you(m,f)."""
546,<UNK> One who is the <UNK> of the <UNK>
547,Let us now learn how to create a <UNK>
548,The <UNK> is is <UNK> <UNK> <UNK> <UNK> <UNK> <UNK> <UNK> <UNK>
549,<UNK> is a <UNK> of the <UNK> <UNK>
550,We will see the output of the
551,<UNK> <UNK> <UNK> <UNK> <UNK> <UNK> <UNK> <UNK> <UNK> <UNK> <UNK> <UNK> <UNK> <UNK>
552,"So, type: Student the <UNK> <UNK> <UNK> <UNK> <UNK> <UNK> <UNK> <UNK> <UNK> <UNK> <UNK> <UNK> <UNK> <UNK> <UNK> <UNK> <UNK>"
553,It will be the the <UNK>
554,"And finally, finish <UNK>"
555,Let us now create a new page with the
556,<UNK> One who is <UNK> <UNK> <UNK> <UNK>
557,<UNK> <UNK>
558,Let us go back to the to the
559,<UNK> is a <UNK> of the <UNK> of the <UNK> of the <UNK>
560,Let us see the FrontAccounting interface.
561,Note that the <UNK> is the <UNK> <UNK> <UNK> <UNK> <UNK> <UNK> <UNK> <UNK> <UNK> <UNK> <UNK> <UNK>
562,"""And he hath raised up, is he is <UNK> of the <UNK>"
563,"So, let me come here."
564,You all obtain cloth.
565,<UNK> <UNK> <UNK> <UNK> <UNK> <UNK> <UNK> <UNK>
566,<UNK> <UNK> <UNK> <UNK> <UNK> <UNK> <UNK> <UNK>
567,<UNK> <UNK>
568,He is not not <UNK>
569,"""For we we are <UNK> and <UNK> and <UNK> the <UNK> of the and <UNK> the <UNK> of the <UNK> and the <UNK> of the <UNK>"
570,Let us start with the <UNK>
571,You you will learn about the <UNK> of the <UNK> <UNK> <UNK> <UNK> <UNK>
572,Spoken Tutorial project team conducts workshops using spoken tutorials Gives certificates to us.
573,It is a <UNK> of the <UNK> of the <UNK>
574,Here is a glimpse here.
575,The is the <UNK> is <UNK>
576,<UNK> <UNK> <UNK> <UNK>
577,"""And he he had spoken, he had spoken, he had to pass, and he had"
578,<UNK> <UNK> is <UNK> <UNK> <UNK> <UNK> <UNK>
579,<UNK> <UNK> <UNK> <UNK> <UNK>
580,<UNK> <UNK> <UNK> <UNK> <UNK> <UNK> <UNK> <UNK> <UNK> <UNK> <UNK> <UNK> <UNK>
581,"Here, the command prompt, type the <UNK> and press Enter."
582,"Watch the video here, the"
583,<UNK> <UNK> <UNK> <UNK>
584,<UNK> <UNK>
585,<UNK> <UNK> <UNK> <UNK> <UNK>
586,Type the <UNK> <UNK> type <UNK>
587,Select the <UNK> of the can can see the
588,What do you do?
589,The <UNK> is is <UNK>
590,Click on the <UNK> button at the bottom right.
591,Then click on the tab 245 the tab.
592,I will not the the the the the I will not the the
593,<UNK> <UNK> <UNK> <UNK>
594,The output is a user class to the
595,<UNK> is the <UNK>
596,We will learn the the <UNK>
597,You will now create a <UNK>
598,We can see the <UNK> <UNK> <UNK> <UNK> <UNK> <UNK> <UNK>
599,"Now, you want to the you want to the the <UNK> <UNK> <UNK> <UNK> <UNK>"
600,<UNK> the the the the the the the <UNK>
601,<UNK> <UNK> <UNK> <UNK>
602,You may explore these options in your code.
603,Press Enter key twice to optimize.
604,"""But the <UNK> of the <UNK> and <UNK> <UNK>"
605,<UNK> <UNK> <UNK>
606,The output is is the
607,Move the the <UNK>
608,This will will be able to the the <UNK>
609,"""After studying this lesson, you will be able to:"""
610,Open the the the the the the the
611,The knees should be able to the
612,This is a <UNK>
613,"In this tutorial, we learnt about: Quick <UNK> <UNK> <UNK> <UNK> <UNK> <UNK>"
614,<UNK> <UNK> <UNK> <UNK> <UNK> <UNK> <UNK> <UNK> <UNK> <UNK> <UNK> <UNK> <UNK> <UNK> <UNK> <UNK> <UNK> <UNK> <UNK> <UNK> <UNK> <UNK> <UNK> <UNK> <UNK>
615,Boy displays friendship in them.
616,• <UNK> the legs and the the legs and the the
617,"And finally, finish <UNK> <UNK> <UNK> <UNK> <UNK> <UNK> <UNK> <UNK> <UNK>"
618,<UNK> <UNK> <UNK> <UNK> <UNK> <UNK> <UNK> <UNK> <UNK> <UNK>
619,<UNK> One who is the <UNK>
620,<UNK> One who is the <UNK> of the <UNK> <UNK> <UNK> <UNK>
621,This is a <UNK>
622,<UNK> <UNK> not not <UNK> <UNK>
623,<UNK> the <UNK> of the <UNK> in the <UNK>
624,This statement checks is the value of the <UNK>
625,You all will be <UNK>
626,"""And he said unto him, and I <UNK> the <UNK> I will not the the <UNK> of the and I will not the <UNK> of the <UNK>"
627,"""And the <UNK> of the <UNK> and <UNK> <UNK> <UNK> <UNK> <UNK> <UNK>"
628,<UNK> <UNK> <UNK>
629,<UNK> is a <UNK> of the <UNK> of the <UNK> of the <UNK> of the <UNK>
630,Open the and and and <UNK> <UNK>
631,<UNK> <UNK> <UNK> <UNK> <UNK> <UNK> <UNK>
632,"To compile, type this <UNK> <UNK> <UNK> <UNK> <UNK> <UNK> <UNK> <UNK>"
633,You please sit.
634,<UNK> <UNK> <UNK> <UNK> <UNK> <UNK>
635,You all please
636,<UNK> <UNK> <UNK> <UNK> <UNK> <UNK> <UNK> <UNK> <UNK> <UNK> <UNK> <UNK> <UNK> <UNK>
637,<UNK> <UNK> <UNK> <UNK> <UNK> <UNK> <UNK> <UNK> <UNK>
638,"Now, let us see how to add a program in this tutorial."
639,"Click on the Search bar, click on the"
640,"""And when he was a certain day, of the <UNK> of the <UNK> of the <UNK> of the <UNK> and the <UNK> of the <UNK> and the <UNK> of the"
641,"To record this tutorial, I am using: Ubuntu Linux OS 16.04"
642,I will type <UNK> <UNK> <UNK>
643,In the <UNK> <UNK> <UNK> <UNK>
644,<UNK> <UNK> <UNK> <UNK> <UNK> <UNK> <UNK> <UNK> <UNK>
645,This will learn about the <UNK> of this tutorial.
646,"""And he the <UNK> of the <UNK> <UNK> <UNK> <UNK> <UNK> <UNK> <UNK> <UNK> <UNK> <UNK> <UNK> <UNK> <UNK> <UNK> <UNK> <UNK> <UNK> <UNK>"
647,<UNK> One who is the <UNK> of the <UNK>
648,<UNK> <UNK> <UNK> <UNK> <UNK> <UNK> <UNK> <UNK>
649,<UNK> <UNK> is the <UNK> of the <UNK> <UNK>
650,<UNK> <UNK> the <UNK> of the <UNK> <UNK> the <UNK>
651,"To do so, login to the the <UNK>"
652,We will also use the <UNK> and and how to edit preferences. and <UNK>
653,<UNK> <UNK> <UNK> <UNK> <UNK> <UNK> <UNK> <UNK> <UNK> <UNK> <UNK> <UNK> <UNK> <UNK> <UNK>
654,<UNK> the <UNK> of the <UNK> <UNK> <UNK>
655,This is a <UNK> <UNK> <UNK> <UNK>
656,<UNK> <UNK> <UNK> <UNK> <UNK> <UNK> <UNK> <UNK> <UNK> <UNK> <UNK> <UNK> <UNK> <UNK>
657,Click on the tab and click on the
658,It is a <UNK> of the <UNK> <UNK> <UNK>
659,<UNK> <UNK> is the <UNK> of the <UNK>
660,You may also <UNK>
661,FrontAccounting interface.
662,<UNK> <UNK> is not <UNK> <UNK> <UNK> <UNK> <UNK> <UNK> <UNK> <UNK> <UNK>
663,"In this tutorial, we will learn how to use how to use a <UNK>"
664,<UNK> <UNK> <UNK> <UNK> <UNK> <UNK> <UNK> <UNK> <UNK> <UNK> <UNK> <UNK> <UNK> <UNK> <UNK> <UNK> <UNK>
665,"""But ye shall be <UNK> <UNK> <UNK> <UNK> <UNK> <UNK> <UNK> <UNK> <UNK> <UNK> <UNK> <UNK>"
666,The is is the <UNK> in the <UNK>
667,Go to the and click on the and press Enter.
668,For this <UNK> <UNK> <UNK> <UNK> <UNK> <UNK> <UNK> <UNK>
669,"""But I have <UNK> <UNK> <UNK> <UNK> <UNK> <UNK> <UNK> <UNK> <UNK> <UNK>"
670,"To do so, go to the and to the the and"
671,"""And when he had <UNK> <UNK> <UNK> and <UNK> and <UNK> <UNK> <UNK> <UNK>"
672,Now let me the <UNK>
673,"""And he said unto him, saying, What and said unto him, saying, <UNK>"
674,<UNK> <UNK> <UNK> <UNK> <UNK> <UNK> <UNK> <UNK> <UNK> <UNK> <UNK> <UNK> <UNK> <UNK> <UNK> <UNK> <UNK> <UNK> <UNK> <UNK> <UNK> <UNK> <UNK> <UNK> <UNK> <UNK> <UNK> <UNK> <UNK> <UNK> <UNK> <UNK> <UNK> <UNK> <UNK> <UNK> <UNK> <UNK> <UNK>
675,<UNK> the <UNK> <UNK> <UNK> and <UNK> and <UNK> the <UNK> <UNK> <UNK>
676,<UNK> <UNK> <UNK>
677,"In this tutorial, we will learn about <UNK> <UNK> <UNK> <UNK> <UNK>"
678,"""And they brought forth and took the <UNK> and the <UNK> and <UNK> and <UNK> and <UNK>"
679,"""And the <UNK> of the <UNK> of the <UNK> of the <UNK> of the <UNK> of the <UNK> of the <UNK> of the <UNK> of the <UNK> of the <UNK>"
680,<UNK> is a <UNK> of <UNK> <UNK>
681,"Here, the the is a new <UNK> the the the the the <UNK> <UNK> the <UNK> <UNK>"
682,• Keep the legs together. the legs together. the the the the the the the knees and the the
683,<UNK> the <UNK> of the <UNK> <UNK>
684,<UNK> <UNK> <UNK>
685,Switch back to our slides.
686,Select the the the the the the the the the the the the the
687,"And finally, finish <UNK>"
688,Type space <UNK> space -i space -i space -i space -i
689,"""And when I am glad <UNK> the <UNK> of the <UNK> and the <UNK> of the and I am he. and the <UNK> and the <UNK> and the <UNK> and the <UNK> of the <UNK>"
690,I I will click on the and and <UNK> and <UNK> <UNK> and <UNK> <UNK> <UNK> and <UNK> <UNK> <UNK> <UNK> and <UNK>
691,There are the <UNK> of the <UNK> <UNK>
692,<UNK> <UNK> - <UNK> <UNK> <UNK>
693,<UNK> <UNK> <UNK> <UNK> <UNK>
694,<UNK> the <UNK> <UNK> <UNK>
695,Boy displays friendship in them.
696,<UNK> <UNK> <UNK> <UNK>
697,<UNK> <UNK> <UNK> <UNK> <UNK>
698,Fold the the the the the the the the
699,"""And he was <UNK> and <UNK> and <UNK> and <UNK> and <UNK> and <UNK> and <UNK> and <UNK> and <UNK> <UNK> and <UNK> <UNK> and <UNK>"
700,"""But they brought him that he was <UNK> the <UNK> and the <UNK> and the <UNK> <UNK> <UNK> and the <UNK> and the <UNK> and the <UNK>"
701,This is a <UNK> <UNK> <UNK> <UNK>
702,"Here, we can <UNK> <UNK> <UNK> <UNK> <UNK> <UNK> <UNK> <UNK> <UNK> <UNK> <UNK>"
703,<UNK> <UNK> <UNK> <UNK> <UNK> <UNK> <UNK> <UNK>
704,"""If we we have <UNK> we have been <UNK> <UNK> we have been <UNK> <UNK>"
705,<UNK> is not not <UNK>
706,She the the morning in the <UNK>
707,<UNK> <UNK>
708,<UNK> One who is not <UNK> <UNK>
709,Child has love in me.
710,Click on the icon and click on the <UNK> Click on the <UNK>
711,<UNK> <UNK> <UNK> <UNK> <UNK>
712,<UNK> are also <UNK> <UNK> <UNK> <UNK> <UNK> <UNK> <UNK> <UNK> <UNK>
713,"""But we have been <UNK> of the <UNK> of the <UNK> of the and <UNK> and <UNK> in the <UNK>"
714,<UNK> <UNK> <UNK> <UNK> <UNK> <UNK> <UNK> <UNK> <UNK> <UNK> <UNK> <UNK> <UNK> <UNK> <UNK>
715,<UNK> not not <UNK> <UNK> <UNK> <UNK> <UNK> <UNK> <UNK> <UNK>
716,Click on the button at the bottom of the bottom of the window.
717,"""But the <UNK> of our <UNK> <UNK> <UNK> <UNK> <UNK> <UNK> <UNK> <UNK> <UNK> <UNK> <UNK> <UNK> <UNK> <UNK> <UNK> <UNK> <UNK>"
718,It is a <UNK> of the
719,"""For if we are <UNK> <UNK> <UNK> <UNK> <UNK> <UNK> <UNK> <UNK> <UNK> <UNK> <UNK> <UNK> <UNK> <UNK> <UNK> <UNK>"
720,You please sit.
721,<UNK> <UNK> <UNK> <UNK> <UNK> <UNK> <UNK> <UNK> <UNK> <UNK> <UNK> <UNK> <UNK> <UNK> <UNK> <UNK> <UNK> <UNK> <UNK> <UNK> <UNK> <UNK> <UNK>
722,In the <UNK> <UNK> the <UNK> <UNK> the the <UNK> <UNK> the <UNK>
723,The Spoken Tutorial project team: * conducts workshops using spoken tutorials.
724,<UNK> <UNK> <UNK> <UNK> <UNK> <UNK> <UNK>
725,"Here, the value of the <UNK> is <UNK>"
726,<UNK> <UNK> <UNK> <UNK>
727,Compile this.
728,"So, I want to the <UNK> <UNK> <UNK> <UNK> <UNK> <UNK> <UNK> <UNK> <UNK> <UNK> <UNK> <UNK> <UNK> <UNK> <UNK> <UNK>"
729,<UNK> the <UNK> of the <UNK> of the <UNK>
730,<UNK> <UNK> <UNK> <UNK> <UNK> <UNK>
731,<UNK> <UNK> <UNK> <UNK>
732,<UNK> are also used in <UNK> <UNK>
733,<UNK> <UNK> <UNK> <UNK>
734,"""And he brought forth unto him, saying, <UNK> and <UNK> and <UNK> and <UNK> and <UNK> and <UNK> and <UNK> and <UNK> and <UNK> and <UNK> and <UNK> and <UNK>"
735,<UNK> <UNK> <UNK> <UNK> <UNK> <UNK> <UNK> <UNK> <UNK>
736,Boy displays friendship in them.
737,<UNK> the <UNK> <UNK> the <UNK> <UNK> the <UNK> <UNK> the <UNK>
738,<UNK> <UNK> <UNK> <UNK> <UNK>
739,<UNK> One who is the <UNK> of the <UNK>
740,<UNK> <UNK> <UNK> <UNK> <UNK> <UNK> <UNK> <UNK> <UNK> <UNK> <UNK> <UNK> <UNK>
741,<UNK> the <UNK> <UNK> <UNK> <UNK> <UNK> <UNK> <UNK> <UNK> <UNK> <UNK> <UNK> <UNK> <UNK>
742,I have already written the <UNK> of the <UNK> I will have a <UNK>
743,<UNK> <UNK> <UNK> <UNK>
744,<UNK> <UNK> <UNK> <UNK> <UNK> <UNK> <UNK> <UNK> <UNK> <UNK> <UNK> <UNK> <UNK> <UNK> <UNK> <UNK> <UNK> <UNK>
745,Click on the tab <UNK> button at the bottom of the page.
746,"Now, let us add the <UNK>"
747,Let us now design the <UNK>
748,Let us now add the <UNK> in the <UNK>
749,Type space -n space slash space square-bracket space square-bracket space square-bracket space square-bracket space square-bracket space computer_student.txt space <UNK>
750,"If not, for relevant tutorials, please visit our website."
751,Click on the <UNK> <UNK> <UNK>
752,i. <UNK>
753,We get the output is the output is because we get printed.
754,"""But if I <UNK> <UNK> <UNK> <UNK> <UNK> <UNK> <UNK> <UNK> <UNK> <UNK> <UNK> <UNK> <UNK> <UNK> <UNK> <UNK> <UNK>"
755,"""But the <UNK> of the <UNK> and <UNK> <UNK> <UNK> and <UNK> <UNK> and <UNK> <UNK> <UNK> and <UNK> <UNK> <UNK> <UNK>"
756,This is a <UNK> for <UNK> <UNK> <UNK> <UNK> <UNK> <UNK> <UNK> <UNK>
757,<UNK> <UNK> <UNK> <UNK>
758,"""And I I said unto him, saying, I am <UNK> I am he. I I am he. I am he. I am he. in the <UNK> and I am he. in the <UNK>"
759,"""And the <UNK> of the <UNK> <UNK> <UNK> <UNK> <UNK> <UNK> <UNK> <UNK> <UNK> <UNK> <UNK> <UNK> <UNK> <UNK> <UNK> <UNK> <UNK> <UNK> <UNK> <UNK> <UNK> <UNK> <UNK> <UNK>"
760,Those are <UNK>
761,<UNK> One who is the <UNK>
762,We can also <UNK> <UNK> <UNK> and <UNK> and <UNK>
763,The output is displayed in the
764,Now type: ls space -i space -i space -i space -i
765,Let me click on the <UNK> and <UNK> and and select the <UNK> and and I will select the
766,• Keep the legs and neck the legs and the legs together.
767,"""If any man be <UNK> <UNK> <UNK> <UNK> <UNK> <UNK> <UNK> <UNK> <UNK> <UNK> <UNK> <UNK> <UNK>"
768,<UNK> <UNK> <UNK> <UNK> <UNK> <UNK> <UNK> <UNK> <UNK> <UNK> <UNK> <UNK> <UNK> <UNK> <UNK> <UNK> <UNK>
769,<UNK> <UNK> <UNK> <UNK> <UNK> <UNK> <UNK> <UNK>
770,i. <UNK>
771,<UNK> <UNK> <UNK> <UNK> <UNK> <UNK> <UNK> <UNK>
772,<UNK> <UNK> <UNK> <UNK> <UNK> <UNK> <UNK> <UNK> <UNK> <UNK> <UNK> <UNK> <UNK> <UNK> <UNK> <UNK>
773,"""But I beseech the <UNK> of the <UNK> and <UNK> and <UNK> <UNK> <UNK> and <UNK> <UNK>"
774,<UNK> you can see the <UNK> <UNK> <UNK> <UNK>
775,"Now, let us see the priority of this tutorial."
776,We can see the output of the <UNK> of the
777,In the the <UNK> click on the <UNK> link shown on the
778,I will give the <UNK> <UNK> <UNK> <UNK>
779,"Next, we will the the <UNK>"
780,"""And the <UNK> of <UNK> <UNK> <UNK> <UNK> <UNK> <UNK> <UNK> <UNK> <UNK> <UNK> <UNK> <UNK> <UNK> <UNK> <UNK> <UNK> <UNK> <UNK> <UNK> <UNK> <UNK> <UNK>"
781,Let us save the program. and run the program.
782,Touch the the legs together. the the
783,"Now, I will select the and and I select"
784,Select the the <UNK> layer then choose the <UNK> then choose the
785,And the and <UNK> and <UNK> <UNK>
786,"Now, click on the <UNK> button."
787,You all will be <UNK>
788,<UNK> <UNK> <UNK> <UNK>
789,The pwd stands of the <UNK> <UNK>
790,"In this case, I I have the the the <UNK> I will not this <UNK>"
791,"""And the <UNK> of the <UNK> and <UNK> and <UNK> and <UNK> and <UNK> <UNK>"
792,I will give the <UNK>
793,Let us now learn how to add a Accounts.
794,I will select- the
795,This will extract the the <UNK> <UNK> the <UNK>
796,<UNK> <UNK> <UNK> <UNK> <UNK> <UNK> <UNK> <UNK> <UNK> <UNK> <UNK> <UNK> <UNK> <UNK> <UNK> <UNK> <UNK> <UNK> <UNK>
797,More information on this mission is available at the following link.
798,"""And ye not <UNK> <UNK> <UNK> <UNK> <UNK> <UNK> <UNK> <UNK> <UNK> <UNK> <UNK> <UNK> <UNK> <UNK> <UNK> <UNK> <UNK>"
799,The <UNK> <UNK> <UNK> <UNK> <UNK> <UNK> <UNK> <UNK>
800,Please note: not not not not not not not not not not not <UNK>
801,"""But they not <UNK> <UNK> <UNK> <UNK> <UNK> <UNK> <UNK> <UNK> <UNK> <UNK> <UNK> <UNK> <UNK>"
802,Click Finish. click on Save.
803,"""And when he had passed over, unto the <UNK> and the <UNK>"
804,<UNK> <UNK> <UNK> <UNK> <UNK> <UNK> <UNK> <UNK>
805,<UNK> is a <UNK> of the <UNK> of the <UNK>
806,<UNK> <UNK> <UNK> <UNK> <UNK> <UNK> <UNK>
807,Please locate the the username Samruddhi.
808,I will the the <UNK>
809,<UNK> <UNK> <UNK> <UNK>
810,"Here, the <UNK> <UNK> <UNK> <UNK> <UNK> <UNK>"
811,Note that the is the <UNK> is the the the the the <UNK> the <UNK> <UNK>
812,<UNK> <UNK> <UNK> <UNK> <UNK> <UNK> <UNK> <UNK> <UNK> <UNK>
813,"Now, click on the Profile button."
814,"Now, let us see the"
815,I will now I the <UNK> <UNK> I will select the <UNK>
816,"Here, we are the <UNK> <UNK> <UNK> <UNK>"
817,<UNK> <UNK> <UNK> <UNK>
818,<UNK> <UNK> <UNK> <UNK> <UNK> <UNK>
819,"""And when he had not up, and <UNK> <UNK> <UNK> <UNK> <UNK> <UNK> <UNK> <UNK> not <UNK> <UNK> <UNK> <UNK>"
820,In the select select select select select <UNK> select <UNK> select <UNK>
821,If we we have to the <UNK> <UNK> then we have the <UNK>
822,Click on Save.
823,<UNK> <UNK> <UNK> <UNK> <UNK> <UNK> <UNK> <UNK> <UNK> <UNK>
824,We we are the the of the <UNK>
825,More information on this mission is available at the following link
826,The is is the <UNK>
827,"In this tutorial, I will not not <UNK> in the <UNK>"
828,In the the <UNK> click on the <UNK>
829,<UNK> <UNK> <UNK> <UNK>
830,Child has love in you.
831,<UNK> <UNK> <UNK> <UNK> <UNK> <UNK> <UNK> <UNK> <UNK>
832,"To record this tutorial, I am using: Ubuntu Linux OS 16.04 and Koha version 14.04,"
833,"""And the the <UNK> and <UNK> and <UNK> and the <UNK> and the <UNK> and the <UNK> and the <UNK> and the <UNK> and the <UNK> and the <UNK> and the <UNK> and the <UNK> and the <UNK>"
834,<UNK> if the <UNK> <UNK> <UNK> <UNK> <UNK> <UNK> <UNK> <UNK> <UNK> <UNK> <UNK> <UNK> <UNK> <UNK> <UNK> <UNK>
835,Click on the tab <UNK>
836,"""And he the angel of the <UNK> and <UNK> <UNK> <UNK> <UNK> and <UNK> and <UNK> and the <UNK> of the <UNK> and the <UNK> of the <UNK> and the <UNK> of the <UNK>"
837,If you do not have to check if any web server is satisfied.
838,Then go to the <UNK> <UNK> <UNK>
839,"""And the <UNK> of the <UNK> of the <UNK> <UNK> <UNK> <UNK> <UNK> <UNK> <UNK> <UNK> <UNK> <UNK> <UNK> <UNK> <UNK> <UNK> <UNK> <UNK> <UNK> <UNK> <UNK> <UNK> <UNK> <UNK> <UNK> <UNK> <UNK> <UNK> <UNK> <UNK> <UNK> <UNK> <UNK> <UNK>"
840,<UNK> <UNK> <UNK> <UNK> <UNK> <UNK> <UNK> <UNK> <UNK> <UNK> <UNK> <UNK> <UNK> <UNK>
841,Now I I have a layer mask and I I I I I I I I I I I I I I I I I I I I I I I I I I I I I I I I
842,"""And the <UNK> of the <UNK> <UNK> <UNK> <UNK> <UNK> <UNK> <UNK> <UNK> <UNK> <UNK> <UNK> <UNK> <UNK> <UNK> <UNK> <UNK> <UNK> <UNK> <UNK>"
843,<UNK> <UNK> is not <UNK> <UNK> <UNK> <UNK> <UNK>
844,Type the <UNK> <UNK> <UNK>
845,When you you you you you want to <UNK> a <UNK> <UNK>
846,"Now, let us see the <UNK>"
847,"<UNK> the <UNK> <UNK> the legs together, and <UNK> the <UNK> <UNK> the <UNK> <UNK> the <UNK> <UNK>"
848,Scroll down and click on Save changes button.
849,<UNK> <UNK> <UNK> <UNK> <UNK> <UNK> <UNK> <UNK> <UNK> <UNK> <UNK> <UNK> <UNK> <UNK> <UNK> <UNK> <UNK>
850,<UNK> <UNK> <UNK>
851,The is because the <UNK> is the <UNK> is <UNK>
852,"Now, let us add the <UNK>"
853,<UNK> <UNK> <UNK> <UNK> <UNK>
854,<UNK> One who is the <UNK> of <UNK>
855,Now let us see the the file in the <UNK>
856,Boy displays friendship in them.
857,Let us try the the code as shown.
858,The the file name is the the the the the the the the the the the the
859,We will click on the <UNK> <UNK> the the <UNK> at the bottom of the
860,<UNK> <UNK> <UNK> <UNK> <UNK> <UNK> <UNK> <UNK> <UNK> <UNK> <UNK>
861,<UNK> One who is the <UNK> of the <UNK>
862,"Go to the menu, click on Save and and and click on the and and click on the"
863,It is the <UNK> <UNK> <UNK> <UNK> <UNK>
864,<UNK> is a <UNK>
865,Please note: the and and to us.
866,What do you do
867,<UNK> One who is the <UNK> of the <UNK>
868,<UNK> the <UNK> the <UNK> <UNK> the <UNK> <UNK> the <UNK> <UNK> the <UNK> <UNK> the <UNK> <UNK>
869,"Let us summarize. In this tutorial, we learnt in this tutorial in this series."
870,"If not, then kindly the <UNK> <UNK> <UNK> <UNK> <UNK>"
871,<UNK> <UNK> <UNK> <UNK>
872,"""And the <UNK> of the <UNK> and <UNK> <UNK> <UNK> <UNK> <UNK> and <UNK> <UNK> and <UNK> and <UNK> and <UNK> <UNK> and <UNK> <UNK> and <UNK> and <UNK>"
873,You can see that <UNK> <UNK> <UNK> <UNK> <UNK> <UNK> <UNK>
874,<UNK> <UNK> <UNK> <UNK> <UNK> <UNK> <UNK> <UNK>
875,We can see the user <UNK> of the user <UNK> we can see the
876,If the <UNK> the the the the the the the the the the <UNK> the <UNK>
877,<UNK> <UNK>
878,<UNK> <UNK> <UNK> <UNK> <UNK> <UNK> <UNK> <UNK> <UNK>
879,The <UNK> <UNK> <UNK> the <UNK> <UNK> <UNK> <UNK> <UNK>
880,"""And when he was <UNK> the <UNK> of the <UNK> and <UNK> the <UNK> and the <UNK> <UNK> <UNK> <UNK> <UNK> <UNK> <UNK> <UNK> <UNK> <UNK> <UNK>"
881,<UNK> One who is the <UNK> of the <UNK> of the <UNK> of the <UNK>
882,Let us learn how to create a and and and and
883,<UNK> the the <UNK> <UNK> the the the <UNK>
884,It is a <UNK> <UNK> <UNK> <UNK> <UNK> <UNK> <UNK> <UNK> <UNK> <UNK> <UNK>
885,This is collected of the <UNK>
886,Click on the Update
887,"""But ye have <UNK> <UNK> <UNK> <UNK> <UNK> <UNK> <UNK> <UNK> <UNK> <UNK> <UNK> <UNK> <UNK> <UNK>"
888,You can see the the <UNK> of the <UNK>
889,<UNK> is a <UNK> of the <UNK>
890,"""And the <UNK> of the <UNK> <UNK> <UNK> <UNK> <UNK> <UNK> <UNK> <UNK> <UNK> <UNK> <UNK> <UNK> <UNK>"
891,"""But ye not <UNK> <UNK> <UNK> <UNK> <UNK> <UNK> <UNK> <UNK> <UNK> <UNK> <UNK> <UNK> <UNK>"
892,"""And he said unto him, saying, Master, <UNK> <UNK>"
893,<UNK> One who is not <UNK> <UNK> <UNK> <UNK>
894,<UNK> <UNK> <UNK> <UNK> <UNK> <UNK> <UNK> <UNK> <UNK> <UNK> <UNK> <UNK> <UNK> <UNK> <UNK> <UNK> <UNK>
895,Here is a <UNK>
896,<UNK> you do ye of <UNK> of <UNK>
897,"Now, let us to the the and"
898,<UNK> is a <UNK> of <UNK> <UNK> <UNK>
899,We can also <UNK> the <UNK> <UNK> <UNK> <UNK> <UNK> <UNK> <UNK> <UNK>
900,"""And they were <UNK> and <UNK> and <UNK>"
901,<UNK> <UNK> <UNK>
902,<UNK> <UNK> <UNK> <UNK> <UNK> <UNK> <UNK>
903,<UNK> is a <UNK> <UNK> <UNK> the <UNK> of the <UNK> <UNK> <UNK> the <UNK> <UNK> <UNK> <UNK>
904,"""And the <UNK> of the <UNK> and <UNK> and <UNK> and <UNK> <UNK> <UNK> and <UNK> <UNK>"
905,<UNK> <UNK> <UNK> <UNK> <UNK> <UNK>
906,It is a <UNK> of the <UNK>
907,"""2. <UNK> <UNK> <UNK> <UNK> <UNK> <UNK> <UNK> <UNK> <UNK>"
908,<UNK> <UNK> <UNK>
909,"So, I I select the image and I I I the"
910,"Spoken Tutorial Project is funded by NMEICT, MHRD, Government of India."
911,<UNK> is a <UNK> <UNK> <UNK> <UNK> <UNK> <UNK> <UNK> <UNK> <UNK> <UNK> <UNK> <UNK> <UNK> <UNK> <UNK> <UNK> <UNK> <UNK> <UNK>
912,We will learn about the of the <UNK>
913,<UNK> <UNK> <UNK> <UNK> <UNK> <UNK> <UNK> <UNK> <UNK> <UNK> <UNK> <UNK>
914,We will now the the the in the
915,This is the <UNK>
916,"""And he he was <UNK> and <UNK> and the <UNK> of the <UNK> and <UNK> <UNK>"
917,"""And when he had <UNK> and <UNK> and the <UNK> and the <UNK> of the <UNK>"
918,<UNK> <UNK> <UNK> <UNK>
919,In the <UNK> in the <UNK>
920,<UNK> the <UNK> <UNK> and <UNK> the <UNK> and <UNK> the <UNK> and <UNK> the <UNK> and <UNK> the <UNK> <UNK>
921,Switch back to our terminal.
922,"Here, the is the <UNK> is the <UNK> is the <UNK> is the <UNK> is the <UNK> is the <UNK> is the <UNK> is the <UNK> is <UNK>"
923,<UNK> <UNK> <UNK>
924,"To do so, go to the the <UNK> Click on the <UNK>"
925,"""And the <UNK> <UNK> <UNK> <UNK> <UNK> <UNK> <UNK> <UNK> <UNK> <UNK> <UNK> <UNK> <UNK> <UNK> <UNK> <UNK> <UNK> <UNK> <UNK> <UNK> <UNK> <UNK> <UNK> <UNK> <UNK>"
926,I will select- Start to the
927,INTEXT QUESTIONS
928,Type the <UNK> <UNK> <UNK> <UNK> <UNK> <UNK>
929,"So, I select Filters >> <UNK> <UNK>"
930,In the <UNK> <UNK> <UNK> <UNK> <UNK>
931,<UNK> <UNK>
932,"Spoken Tutorial Project is funded by NMEICT, MHRD, Government of India."
933,The <UNK> is is the <UNK> is <UNK> <UNK>
934,Let us go to the the the the the the the the the the the
935,I I have a <UNK> and <UNK> and <UNK>
936,<UNK> One who is the <UNK> of the <UNK> of the <UNK> of the <UNK>
937,"My love to pass, as it is my <UNK>"
938,You please sit.
939,<UNK> <UNK> <UNK> <UNK>
940,<UNK> <UNK> <UNK> <UNK> <UNK> <UNK> <UNK> <UNK> <UNK> <UNK> <UNK> <UNK> <UNK> <UNK>
941,"""And the angel of the <UNK> of the <UNK> <UNK> <UNK> <UNK> <UNK> <UNK> <UNK> <UNK> <UNK> <UNK> <UNK> <UNK> <UNK> <UNK> <UNK> <UNK> <UNK> <UNK> <UNK> <UNK> <UNK> <UNK> <UNK> <UNK>"
942,<UNK> <UNK>
943,We can see that the <UNK> <UNK> <UNK> <UNK> <UNK> <UNK> <UNK> <UNK> <UNK> <UNK> <UNK>
944,I will to the back to the
945,"Now, let us come to the Koha interface."
946,<UNK> <UNK> <UNK> <UNK> <UNK> <UNK> <UNK> <UNK>
947,"""And the <UNK> of the <UNK> and <UNK> <UNK> <UNK> <UNK> and <UNK> <UNK> and <UNK> and <UNK> <UNK> <UNK> and <UNK> <UNK> <UNK> <UNK>"
948,<UNK> <UNK> not not <UNK> <UNK> <UNK> <UNK> <UNK> <UNK> <UNK>
949,"""And when I heard them that <UNK> <UNK> <UNK> <UNK> and <UNK> <UNK> <UNK> <UNK> <UNK> <UNK> <UNK> <UNK> <UNK> <UNK> <UNK> <UNK> <UNK> <UNK> <UNK> <UNK>"
950,<UNK> <UNK> <UNK> <UNK> <UNK> <UNK>
951,This is a <UNK>
952,<UNK> the <UNK> of the <UNK> of the <UNK> of the <UNK>
953,<UNK> One who is the <UNK> of the <UNK>
954,"So, I select the layer mask and select the"
955,"""For the <UNK> of <UNK> <UNK> <UNK> <UNK> <UNK> <UNK> <UNK> <UNK> <UNK> <UNK> <UNK> <UNK> <UNK> <UNK> <UNK> <UNK> <UNK> <UNK> <UNK> <UNK> <UNK> <UNK> <UNK> <UNK>"
956,<UNK> <UNK> <UNK> <UNK> <UNK> <UNK> <UNK> <UNK> <UNK> <UNK> <UNK> <UNK> <UNK> <UNK> <UNK> <UNK> <UNK> <UNK> <UNK> <UNK> <UNK>
957,We we will learn the <UNK> <UNK>
958,Type type the command: ls space minus space <UNK> space <UNK> press Enter.
959,"""And when he had <UNK> to pass, that, when he had <UNK> the <UNK> of the <UNK> and the <UNK> of the <UNK>"
960,<UNK> One who is the <UNK> of the <UNK>
961,The <UNK> of <UNK> is <UNK> <UNK> <UNK> <UNK> <UNK> <UNK> <UNK>
962,Here is a new thing in the <UNK> <UNK> in the <UNK> <UNK> <UNK> <UNK> <UNK>
963,<UNK> the <UNK> <UNK> <UNK> <UNK> <UNK> <UNK> <UNK> <UNK> <UNK>
964,<UNK> <UNK> <UNK>
965,"""For we we are <UNK> we are <UNK> <UNK> we are <UNK> <UNK> <UNK> <UNK> <UNK> <UNK>"
966,The the <UNK> of the <UNK> is the <UNK>
967,It is also used for <UNK> <UNK> <UNK> <UNK> <UNK> <UNK>
968,<UNK> the <UNK> <UNK> <UNK> <UNK> <UNK> <UNK> <UNK> <UNK> <UNK> <UNK> <UNK> <UNK> <UNK> <UNK> <UNK>
969,<UNK> <UNK> <UNK> <UNK> <UNK> <UNK> <UNK> <UNK> <UNK> <UNK>
970,"""But the <UNK> of <UNK> <UNK> <UNK> <UNK> <UNK> <UNK> <UNK> <UNK> <UNK> <UNK> <UNK> <UNK> <UNK> <UNK> <UNK>"
971,<UNK> the <UNK> <UNK> <UNK> <UNK> <UNK> <UNK> <UNK> <UNK> <UNK> <UNK>
972,"""And they were <UNK> <UNK> <UNK> <UNK> <UNK> <UNK> <UNK> <UNK> <UNK> <UNK> <UNK> <UNK> <UNK> <UNK> <UNK> <UNK> <UNK> <UNK> <UNK> <UNK> <UNK>"
973,"""And when I had <UNK> and <UNK> and <UNK> and <UNK> and <UNK> and <UNK> and <UNK> and <UNK>"
974,"So, here is here. here."
975,If the <UNK> <UNK> the <UNK> <UNK> the <UNK> <UNK> <UNK> <UNK> <UNK>
976,Click on the <UNK> <UNK>
977,<UNK> One who is the <UNK>
978,<UNK> we can the the <UNK> of the <UNK>
979,<UNK> One who is the <UNK> of the <UNK>
980,"""And the <UNK> of the <UNK> of the <UNK> of the <UNK> of the <UNK> of the <UNK> of the <UNK> of the <UNK> of the <UNK> of the <UNK>"
981,To do the <UNK> <UNK> <UNK> the <UNK> <UNK> the <UNK> <UNK> <UNK>
982,Go to the and click on the and click on the
983,<UNK> One who is the <UNK> of the <UNK>
984,<UNK> is a <UNK> <UNK> <UNK> <UNK> <UNK> <UNK> <UNK> <UNK> <UNK> <UNK> <UNK> <UNK>
985,<UNK> <UNK> <UNK> <UNK> <UNK> <UNK> <UNK>
986,<UNK> <UNK> <UNK> <UNK> <UNK> <UNK> <UNK> <UNK> <UNK> <UNK>
987,Let us see the the <UNK>
988,<UNK> One who is the <UNK>
989,<UNK> <UNK> <UNK> <UNK> <UNK> <UNK>
990,"Here, you can see the <UNK> <UNK> and <UNK> <UNK>"
991,The <UNK> is a <UNK> <UNK> <UNK> <UNK> <UNK> <UNK> <UNK> <UNK>
992,<UNK> One who is the <UNK> of the <UNK> <UNK> <UNK> <UNK>
993,"""And when they had in the <UNK> in the <UNK> in the <UNK> in the <UNK>"
994,<UNK> the <UNK> <UNK> the <UNK> <UNK>
995,"""And the <UNK> of the <UNK> <UNK> <UNK> <UNK> <UNK> <UNK> <UNK> <UNK> <UNK> <UNK> <UNK> <UNK> <UNK> <UNK> <UNK> <UNK> <UNK> <UNK> <UNK> <UNK> <UNK>"
996,<UNK> <UNK> <UNK> <UNK> <UNK> <UNK>
997,"""And he said unto him, saying, <UNK> and said unto him, saying, <UNK> and <UNK> <UNK> <UNK> <UNK> <UNK> <UNK> <UNK> <UNK>"
998,We will now the the the the
999,The <UNK> <UNK> <UNK> <UNK> <UNK> <UNK> <UNK> <UNK> <UNK> <UNK> <UNK> <UNK>
1000,The <UNK> is the <UNK> and <UNK> and <UNK>
